[
  {
    "count": 16,
    "description": "",
    "id": 45,
    "isSelected": false,
    "menu_order": 0,
    "name": "Men",
    "parent": 0,
    "slug": "men"
  },
  {
    "count": 6,
    "description": "",
    "id": 18,
    "isSelected": false,
    "menu_order": 0,
    "name": "Women",
    "parent": 16,
    "slug": "women"
  },
  {
    "count": 1,
    "description": "",
    "id": 53,
    "isSelected": false,
    "menu_order": 0,
    "name": "Kids",
    "parent": 0,
    "slug": "Kids"
  },
  {
    "count": 14,
    "description": "",
    "id": 19,
    "isSelected": false,
    "menu_order": 0,
    "name": "Bags",
    "parent": 0,
    "slug": "Bags"
  },
  {
    "count": 14,
    "description": "",
    "id": 19,
    "isSelected": false,
    "menu_order": 0,
    "name": "Watches",
    "parent": 0,
    "slug": "Watches"
  },
  {
    "count": 4,
    "description": "",
    "id": 21,
    "isSelected": false,
    "menu_order": 0,
    "name": "Decor",
    "parent": 45,
    "slug": "decor"
  },
  {
    "count": 14,
    "description": "",
    "id": 19,
    "isSelected": false,
    "menu_order": 0,
    "name": "Optics",
    "parent": 0,
    "slug": "Optics"
  },
  {
    "count": 14,
    "description": "",
    "id": 49,
    "isSelected": false,
    "menu_order": 0,
    "name": "Footwear",
    "parent": 0,
    "slug": "Footwear"
  },
  {
    "count": 1,
    "description": "",
    "id": 20,
    "isSelected": false,
    "menu_order": 0,
    "name": "Sport",
    "parent": 0,
    "slug": "Sport"
  }
]
