{
  "venue": [
    {
      "key": "birmingham",
      "img": "o/Venue%2Fbg_venue_edgbaston.jpg?alt=media&token=3b743636-7788-4b8b-a28e-f197f70cb23d",
      "address": "India",
      "ground": "Edgbaston, Birmingham",
      "city": "Birmingham",
      "capacity": "25,000",
      "matches": "5"
    },
    {
      "key": "Bristol",
      "address": "India",
      "ground": "County Ground, Bristol",
      "city": "Bristol",
      "img": "o/Venue%2Fbg_venue_bristol.jpg?alt=media&token=2a16b123-7825-4988-be00-ce27fac3f79a",
      "capacity": "17,500",
      "matches": "3"
    },
    {
      "key": "Cardiff",
      "address": "India",
      "ground": "Sophia Gardens, Cardiff",
      "city": "Cardiff",
      "img": "o/Venue%2Fbg_venue_sophia_gardens_cardiff_wales.jpg?alt=media&token=8f0fa002-ff7d-4da8-88bf-0fcbe4c7a53b",
      "capacity": "15,643",
      "matches": "4"
    },
    {
      "key": "Chester-le-Street",
      "address": "India",
      "ground": "Riverside Ground, Chester-le-Street",
      "city": "Chester-le-Street",
      "img": "o/Venue%2Fbg_venue_riverside_ground.jpg?alt=media&token=1e232835-1838-49a4-a1c9-20dda8d3228d",
      "capacity": "20,000",
      "matches": "3"
    },
    {
      "key": "Leeds",
      "address": "India",
      "ground": "Headingley, Leeds",
      "city": "Leeds",
      "img": "o/Venue%2Fbg_venue_headingley_cricket_stadium.jpg?alt=media&token=bb55e0e2-fb65-4bcf-9172-e795655f4b95",
      "capacity": "17,500",
      "matches": "4"
    },
    {
      "key": "London_lords",
      "address": "India",
      "ground": "Lord's, London",
      "img": "o/Venue%2Fbg_venue_lords_cricket_ground_pavilion.jpg?alt=media&token=098ae2d1-2064-4809-a81c-e9c7146aaa35",
      "city": "London",
      "capacity": "28,000",
      "matches": "5"
    },
    {
      "key": "London_oval",
      "address": "India",
      "img": "o/Venue%2Fbg_venue_the_oval.JPG?alt=media&token=21a82a42-2fe9-4caa-ad6f-978b30e52188",
      "ground": "The Oval, London",
      "city": "London",
      "capacity": "25,500",
      "matches": "5"
    },
    {
      "key": "Manchester",
      "address": "India",
      "ground": "Old Trafford, Manchester",
      "city": "Manchester",
      "img": "o/Venue%2Fbg_venue_old_trafford.jpg?alt=media&token=13e470df-b68c-4906-99f3-9bf9a3d0820c",
      "capacity": "26,000",
      "matches": "6"
    },
    {
      "key": "Nottingham",
      "address": "India",
      "ground": "Trent Bridge, Nottingham",
      "city": "Nottingham",
      "img": "o/Venue%2Fbg_venue_trent_bridge_england_vs_new_zealand.jpg?alt=media&token=9174c9e5-5b79-4105-aba2-d55311c7900b",
      "capacity": "17,500",
      "matches": "5"
    },
    {
      "key": "Southampton",
      "address": "India",
      "ground": "Rose Bowl, Southampton",
      "city": "Southampton",
      "img": "o/Venue%2Fbg_venue_rose_bowl.JPG?alt=media&token=fdf4f51e-13f1-44d6-b019-9869be5dcdec",
      "capacity": "25,000",
      "matches": "5"
    },
    {
      "key": "Taunton",
      "address": "India",
      "img": "o/Venue%2Fbg_venue_county_ground_taunton_panorama.jpg?alt=media&token=ed809f74-5d1b-48b9-ba83-9b9b4fbd7467",
      "ground": "County Ground, Taunton",
      "city": "Taunton",
      "capacity": "12,500",
      "matches": "3"
    }
  ]
}
